{
  "vite.config.js": 1774559043.6359472,
  "middleware.js": 1774740526.4648647,
  "database/migrate-rls.js": 1774559043.5504081,
  "database/migrate.js": 1774559043.55066,
  "api/replace-meal.js": 1774559043.5498123,
  "api/import-photo.js": 1774559043.549048,
  "api/shopping-list-members.js": 1775652170.5717716,
  "api/classify-meal-type.js": 1774559043.5483856,
  "api/import-url.js": 1774559043.549276,
  "api/pusher-auth.js": 1774619423.344025,
  "api/delete-account.js": 1775651947.3609698,
  "api/shopping-lists.js": 1774619423.3455098,
  "api/generate-meal-plan.js": 1774559043.5486643,
  "api/normalize-shopping-list.js": 1775559154.7749856,
  "api/shopping-list-items.js": 1774740526.4642482,
  "api/auth/jwt.js": 1774740526.4616666,
  "api/_lib/db.js": 1774619423.3427846,
  "api/_lib/auth.js": 1774619423.3422396,
  "api/_lib/pusher.js": 1774619423.3430512,
  "src/main.jsx": 1774559043.6057994,
  "src/App.jsx": 1775652407.4092076,
  "src/context/AuthContext.jsx": 1775651979.9762387,
  "src/context/AppContext.jsx": 1774740526.4784083,
  "src/context/PreferencesContext.jsx": 1774559043.6009927,
  "src/context/PusherContext.jsx": 1774619423.3942661,
  "src/patterns/index.js": 1774559043.6198108,
  "src/patterns/AuthModulesView/AuthModulesView.stories.jsx": 1774559043.6106577,
  "src/patterns/RecipeDetailView/RecipeDetailView.stories.jsx": 1774559043.614014,
  "src/patterns/RecipeDetailView/RecipeDetailView.jsx": 1774559043.6137714,
  "src/patterns/RecipeDetailView/index.js": 1774559043.614315,
  "src/patterns/MealPlanningView/MealPlanningView.jsx": 1774619423.399713,
  "src/patterns/MealPlanningView/index.js": 1774559043.6119094,
  "src/patterns/MealPlanningView/MealPlanningView.stories.jsx": 1774559043.6116538,
  "src/patterns/OnboardingView/OnboardingView.stories.jsx": 1774559043.6125698,
  "src/patterns/AccountView/AccountView.stories.jsx": 1774559043.6099498,
  "src/patterns/RecipesView/RecipesView.jsx": 1774559043.6171143,
  "src/patterns/RecipesView/index.js": 1774559043.6176922,
  "src/patterns/RecipesView/RecipesView.stories.jsx": 1774559043.617397,
  "src/patterns/RecipeImportView/RecipeImportView.stories.jsx": 1774559043.6156812,
  "src/patterns/RecipeImportView/index.js": 1774559043.6159985,
  "src/patterns/RecipeImportView/RecipeImportView.jsx": 1774559043.615223,
  "src/patterns/ShoppingListView/ShoppingListView.jsx": 1775559154.7839432,
  "src/patterns/ShoppingListView/index.js": 1774559043.6195004,
  "src/patterns/ShoppingListView/ShoppingListView.stories.jsx": 1774559043.6192021,
  "src/components/index.js": 1774559043.5999012,
  "src/components/SearchBar/index.js": 1774559043.5935714,
  "src/components/SearchBar/SearchBar.stories.jsx": 1774559043.5932667,
  "src/components/SearchBar/SearchBar.jsx": 1774559043.5930288,
  "src/components/CalendarButton/CalendarButton.stories.jsx": 1774559043.5723917,
  "src/components/CalendarButton/index.js": 1774559043.5726604,
  "src/components/CalendarButton/CalendarButton.jsx": 1774559043.5720067,
  "src/components/ImportMethodSheet/ImportMethodSheet.stories.jsx": 1774559043.5820525,
  "src/components/ImportMethodSheet/index.js": 1774559043.5824,
  "src/components/ImportMethodSheet/ImportMethodSheet.jsx": 1774559043.5817602,
  "src/components/RecipeList/index.js": 1774559043.5909574,
  "src/components/RecipeList/RecipeList.stories.jsx": 1774559043.5907466,
  "src/components/RecipeList/RecipeList.jsx": 1774559043.5904434,
  "src/components/AccountCard/AccountCard.stories.jsx": 1774559043.5655134,
  "src/components/AccountCard/AccountCard.jsx": 1774559043.5651226,
  "src/components/ActionSheet/index.js": 1774619423.358854,
  "src/components/ActionSheet/ActionSheet.stories.jsx": 1774619423.3577654,
  "src/components/ActionSheet/ActionSheet.jsx": 1774619423.3568487,
  "src/components/RadioButton/RadioButton.jsx": 1774559043.5895357,
  "src/components/RadioButton/RadioButton.stories.jsx": 1774559043.5898075,
  "src/components/BatchImportSection/BatchImportSection.stories.jsx": 1774559043.568329,
  "src/components/BatchImportSection/BatchImportSection.jsx": 1774559043.5679216,
  "src/components/ShareSheet/index.js": 1774619423.3873615,
  "src/components/ShareSheet/ShareSheet.stories.jsx": 1774619423.3866258,
  "src/components/ShareSheet/ShareSheet.jsx": 1774619423.3836517,
  "src/components/UnitField/UnitField.stories.jsx": 1774559043.5994956,
  "src/components/UnitField/UnitField.jsx": 1774559043.599221,
  "src/components/SettingsSection/SettingsSection.stories.jsx": 1774559043.595439,
  "src/components/SettingsSection/SettingsSection.jsx": 1774559043.5952268,
  "src/components/IngredientList/IngredientList.stories.jsx": 1774559043.583655,
  "src/components/IngredientList/index.js": 1774559043.5839329,
  "src/components/IngredientList/IngredientList.jsx": 1774559043.5831974,
  "src/components/Toast/Toast.jsx": 1774559043.597559,
  "src/components/Toast/index.js": 1774559043.5979333,
  "src/components/Toast/Toast.stories.jsx": 1774559043.59776,
  "src/components/ContextMenu/ContextMenu.jsx": 1774619423.3722298,
  "src/components/ContextMenu/index.js": 1774619423.3732865,
  "src/components/ContextMenu/ContextMenu.stories.jsx": 1774619423.3727405,
  "src/components/TextField/TextField.jsx": 1774559043.5967894,
  "src/components/TextField/TextField.stories.jsx": 1774559043.597045,
  "src/components/Stepper/Stepper.jsx": 1774559043.5960143,
  "src/components/Stepper/Stepper.stories.jsx": 1774559043.5962493,
  "src/components/ListSwitcher/ListSwitcher.stories.jsx": 1774619423.378674,
  "src/components/ListSwitcher/index.js": 1774619423.3793354,
  "src/components/ListSwitcher/ListSwitcher.jsx": 1774619423.3783083,
  "src/components/SelectField/SelectField.jsx": 1774559043.5944095,
  "src/components/SelectField/SelectField.stories.jsx": 1774559043.594675,
  "src/components/NavigationBar/index.js": 1774559043.5882614,
  "src/components/NavigationBar/NavigationBar.jsx": 1774559043.5874417,
  "src/components/NavigationBar/NavigationBarConnected.jsx": 1774559043.5879772,
  "src/components/NavigationBar/NavigationBar.stories.jsx": 1774559043.5876312,
  "src/components/RecipeListItem/index.js": 1774559043.5923157,
  "src/components/RecipeListItem/RecipeListItem.stories.jsx": 1774559043.5920064,
  "src/components/RecipeListItem/RecipeListItem.jsx": 1774559043.5917513,
  "src/components/AvatarRow/AvatarRow.jsx": 1774619423.365485,
  "src/components/AvatarRow/index.js": 1774619423.368915,
  "src/components/AvatarRow/AvatarRow.stories.jsx": 1774619423.36644,
  "src/components/Button/Button.jsx": 1774559043.5704966,
  "src/components/Button/index.js": 1774559043.571261,
  "src/components/Button/Button.stories.jsx": 1774559043.5709386,
  "src/components/ConfirmDialog/ConfirmDialog.stories.jsx": 1774559043.578974,
  "src/components/ConfirmDialog/index.js": 1774559043.5793095,
  "src/components/ConfirmDialog/ConfirmDialog.jsx": 1774559043.5780187,
  "src/components/Divider/index.js": 1774559043.5807579,
  "src/components/Divider/Divider.jsx": 1774559043.5800126,
  "src/components/Divider/Divider.stories.jsx": 1774559043.580353,
  "src/components/ChoiceTile/ChoiceTile.jsx": 1774559043.5766914,
  "src/components/ChoiceTile/ChoiceTile.stories.jsx": 1774559043.5770202,
  "src/components/CalendarModule/CalendarModule.stories.jsx": 1774559043.5736883,
  "src/components/CalendarModule/index.js": 1774559043.5739563,
  "src/components/CalendarModule/CalendarModule.jsx": 1774559043.5734048,
  "src/components/BmrCalculatorCard/BmrCalculatorCard.stories.jsx": 1774559043.5696197,
  "src/components/BmrCalculatorCard/BmrCalculatorCard.jsx": 1774559043.5692446,
  "src/components/NavItem/NavItem.jsx": 1774559043.5862665,
  "src/components/NavItem/NavItem.stories.jsx": 1774559043.586526,
  "src/components/NavItem/index.js": 1774559043.5867743,
  "src/components/IngredientListItem/index.js": 1774559043.5854673,